country,consumption
Finland,84.206701
Belgium,82.051496
Chile,74.99209
Bitcoin,69.99639419
Austria,66.848708
Czech Republic,63.919966
Switzerland,56.35254
Romania,55.0077777
Greece,53.63537
Portugal,48.035112
Singapore,47.58252
Hungary,41.620749
New Zealand,41.165451
Bulgaria,33.1343173
Belarus,32.736415
Denmark,32.703064
Ireland,27.202795
Slovakia,26.236542
Iceland,18.679313
Croatia,17.4749266
Tajikistan,16.0853177
Slovenia,14.023035
Georgia,12.1789608
Lithuania,11.306302